{"apple": 0.02815674585715757, "fig": 0.18271404725510207, "lime": 0.02815674585715757, "peach": 0.045006031726892604, "orange": 0.054703631988055924, "blueberry": 0.02815674585715757, "apricot": 0.0, "pear": 0.18271404725510207, "banana": 0.0, "kiwi": 0.02815674585715757}