{"banana": 0.0, "apricot": 0.0, "kiwi": 0.10363769827780657, "blueberry": 0.10363769827780657}