{"banana": 0.0, "orange": 0.04161983534638364, "apple": 0.054703631988055924, "lime": 0.014291714269269087, "blueberry": 0.054703631988055924, "cherry": 0.1656555612092295, "coconut": 0.014291714269269087, "pear": 0.06445710476952095, "fig": 0.06445710476952095, "apricot": 0.0, "papaya": 0.045006031726892604}