{"banana": 0.125, "orange": 0.09375, "apple": 0.125, "lime": 0.03125, "blueberry": 0.125, "cherry": 0.25, "coconut": 0.03125, "pear": 0.0625, "fig": 0.0625, "apricot": 0.03125, "papaya": 0.0625}