{"lime": 0.10978936524490102, "papaya": 0.13535044877328553, "peach": 0.04791160163801364, "apricot": 0.0, "kiwi": 0.02997453317184664, "blueberry": 0.02997453317184664, "banana": 0.0, "apple": 0.02997453317184664}