{"lime": 0.26666666666666666, "papaya": 0.2, "peach": 0.06666666666666667, "apricot": 0.2, "kiwi": 0.06666666666666667, "blueberry": 0.06666666666666667, "banana": 0.06666666666666667, "apple": 0.06666666666666667}