{"apple": 0.06979767743420133, "apricot": 0.0, "peach": 0.07620758655640758, "coconut": 0.02445006963027565, "pear": 0.13476451852905313, "lime": 0.02445006963027565, "orange": 0.02445006963027565, "banana": 0.0, "papaya": 0.03908124238104001, "cherry": 0.05787647829766945, "kiwi": 0.012385909108380427}