{"apple": 0.16216216216216217, "apricot": 0.16216216216216217, "peach": 0.10810810810810811, "coconut": 0.05405405405405406, "pear": 0.13513513513513514, "lime": 0.05405405405405406, "orange": 0.05405405405405406, "banana": 0.10810810810810811, "papaya": 0.05405405405405406, "cherry": 0.08108108108108109, "kiwi": 0.02702702702702703}