{"blueberry": 0.054703631988055924, "orange": 0.10363769827780657, "apricot": 0.0, "fig": 0.06445710476952095, "banana": 0.0, "peach": 0.045006031726892604, "lime": 0.02815674585715757, "coconut": 0.02815674585715757, "kiwi": 0.02815674585715757, "pear": 0.06445710476952095}