{"fig": 0.14859721830091777, "lime": 0.044266247441115764, "blueberry": 0.08467816515990254, "orange": 0.044266247441115764, "cherry": 0.10375537569198201, "kiwi": 0.02266030222847964, "apricot": 0.0, "peach": 0.03622045978643087, "banana": 0.0, "coconut": 0.02266030222847964}