{"coconut": 0.11672149491947882, "apple": 0.06201786293142292, "orange": 0.11672149491947882, "cherry": 0.0991299889868547, "papaya": 0.0991299889868547}