{"coconut": 0.2857142857142857, "apple": 0.14285714285714285, "orange": 0.2857142857142857, "cherry": 0.14285714285714285, "papaya": 0.14285714285714285}