{"apple": 0.32192809488736235, "apricot": 0.0, "peach": 0.5145731728297582, "coconut": 0.32192809488736235, "pear": 0.7369655941662062, "lime": 0.32192809488736235, "orange": 0.32192809488736235, "banana": 0.0, "papaya": 0.5145731728297582, "cherry": 0.5145731728297582, "kiwi": 0.32192809488736235, "blueberry": 0.32192809488736235, "fig": 0.7369655941662062}