{"apple": [0, 0.32192809488736235], "apricot": [1, 0.0], "peach": [2, 0.5145731728297582], "coconut": [3, 0.32192809488736235], "pear": [4, 0.7369655941662062], "lime": [5, 0.32192809488736235], "orange": [6, 0.32192809488736235], "banana": [7, 0.0], "papaya": [8, 0.5145731728297582], "cherry": [9, 0.5145731728297582], "kiwi": [10, 0.32192809488736235], "blueberry": [11, 0.32192809488736235], "fig": [12, 0.7369655941662062]}