{"apple": 0.07758727832568058, "banana": 0.0, "papaya": 0.12401630243933787, "apricot": 0.0, "orange": 0.0404119177187868, "coconut": 0.0404119177187868, "cherry": 0.06459482428200948}