{"apple": 0.18181818181818182, "banana": 0.18181818181818182, "papaya": 0.18181818181818182, "apricot": 0.18181818181818182, "orange": 0.09090909090909091, "coconut": 0.09090909090909091, "cherry": 0.09090909090909091}